Iteration,KL_提案手法,KL_上限手法,KL_step手法,KL_all手法,KL_難易度ベース,KL_比較手法,HD_提案手法,HD_上限手法,HD_step手法,HD_all手法,HD_難易度ベース,HD_比較手法,JSD_提案手法,JSD_上限手法,JSD_step手法,JSD_all手法,JSD_難易度ベース,JSD_比較手法,topk_提案手法,topk_上限手法,topk_step手法,topk_all手法,topk_難易度ベース,topk_比較手法,topk_ランダム
1,1.3394252600234875,1.4770274823253244,2.6931674464308055,7.695973420531137,1.2303942395790641,127.97244326904809,1.531151661266799,1.585049621433733,1.9512525875335816,3.191548585776609,1.5663159045663135,5.402233325505277,0.30823123842490224,0.3224353559749434,0.5180298418849375,1.115684969301846,0.29101463362619695,2.607873354920431
